{
  "models": {
    "32B": {
      "v3_scores": {
        "S01": 75.0,
        "S02": 100.0,
        "S03": 87.5,
        "S04": 75.0,
        "S05": 50.0,
        "S06": 87.5,
        "S07": 66.66666666666666,
        "S08": 50.0,
        "S09": 20.0,
        "S10": 83.33333333333334
      },
      "v4_scores": {
        "S01": 100.0,
        "S02": 100.0,
        "S03": 87.5,
        "S04": 100.0,
        "S05": 87.5,
        "S06": 87.5,
        "S07": 66.66666666666666,
        "S08": 50.0,
        "S09": 60.0,
        "S10": 83.33333333333334
      },
      "v3_mean": 69.5,
      "v4_mean": 82.25
    },
    "8B": {
      "v3_scores": {
        "S01": 75.0,
        "S02": 100.0,
        "S03": 87.5,
        "S04": 75.0,
        "S05": 50.0,
        "S06": 87.5,
        "S07": 66.66666666666666,
        "S08": 0,
        "S09": 20.0,
        "S10": 83.33333333333334
      },
      "v4_scores": {
        "S01": 100.0,
        "S02": 100.0,
        "S03": 87.5,
        "S04": 100.0,
        "S05": 50.0,
        "S06": 87.5,
        "S07": 66.66666666666666,
        "S08": 50.0,
        "S09": 60.0,
        "S10": 83.33333333333334
      },
      "v3_mean": 64.5,
      "v4_mean": 78.5
    }
  },
  "gap_evidence": {
    "gap1_v4_32b": 82.25,
    "gap1_v4_8b": 78.5,
    "gap3_delta": 3.75,
    "gap3_identical": 9
  }
}