{
  "experiment": "EXP-A",
  "scoring": "score_expb 8-parameter M-A3",
  "total_runs": 60,
  "expected_runs": 60,
  "scores": {
    "S01_qwen3_32b_trial1": 75.0,
    "S01_qwen3_32b_trial2": 75.0,
    "S01_qwen3_32b_trial3": 75.0,
    "S01_qwen3_latest_trial1": 75.0,
    "S01_qwen3_latest_trial2": 75.0,
    "S01_qwen3_latest_trial3": 75.0,
    "S02_qwen3_32b_trial1": 100.0,
    "S02_qwen3_32b_trial2": 100.0,
    "S02_qwen3_32b_trial3": 100.0,
    "S02_qwen3_latest_trial1": 100.0,
    "S02_qwen3_latest_trial2": 100.0,
    "S02_qwen3_latest_trial3": 100.0,
    "S03_qwen3_32b_trial1": 87.5,
    "S03_qwen3_32b_trial2": 87.5,
    "S03_qwen3_32b_trial3": 87.5,
    "S03_qwen3_latest_trial1": 87.5,
    "S03_qwen3_latest_trial2": 87.5,
    "S03_qwen3_latest_trial3": 87.5,
    "S04_qwen3_32b_trial1": 75.0,
    "S04_qwen3_32b_trial2": 75.0,
    "S04_qwen3_32b_trial3": 75.0,
    "S04_qwen3_latest_trial1": 75.0,
    "S04_qwen3_latest_trial2": 75.0,
    "S04_qwen3_latest_trial3": 75.0,
    "S05_qwen3_32b_trial1": 50.0,
    "S05_qwen3_32b_trial2": 50.0,
    "S05_qwen3_32b_trial3": 50.0,
    "S05_qwen3_latest_trial1": 50.0,
    "S05_qwen3_latest_trial2": 50.0,
    "S05_qwen3_latest_trial3": 50.0,
    "S06_qwen3_32b_trial1": 87.5,
    "S06_qwen3_32b_trial2": 87.5,
    "S06_qwen3_32b_trial3": 87.5,
    "S06_qwen3_latest_trial1": 87.5,
    "S06_qwen3_latest_trial2": 87.5,
    "S06_qwen3_latest_trial3": 87.5,
    "S07_qwen3_32b_trial1": 66.66666666666666,
    "S07_qwen3_32b_trial2": 66.66666666666666,
    "S07_qwen3_32b_trial3": 66.66666666666666,
    "S07_qwen3_latest_trial1": 66.66666666666666,
    "S07_qwen3_latest_trial2": 66.66666666666666,
    "S07_qwen3_latest_trial3": 66.66666666666666,
    "S08_qwen3_32b_trial1": 50.0,
    "S08_qwen3_32b_trial2": 50.0,
    "S08_qwen3_32b_trial3": 50.0,
    "S08_qwen3_latest_trial1": 0,
    "S08_qwen3_latest_trial2": 0,
    "S08_qwen3_latest_trial3": 0,
    "S09_qwen3_32b_trial1": 20.0,
    "S09_qwen3_32b_trial2": 20.0,
    "S09_qwen3_32b_trial3": 20.0,
    "S09_qwen3_latest_trial1": 20.0,
    "S09_qwen3_latest_trial2": 20.0,
    "S09_qwen3_latest_trial3": 20.0,
    "S10_qwen3_32b_trial1": 0,
    "S10_qwen3_32b_trial2": 0,
    "S10_qwen3_32b_trial3": 0,
    "S10_qwen3_latest_trial1": 0,
    "S10_qwen3_latest_trial2": 0,
    "S10_qwen3_latest_trial3": 75.0
  },
  "per_model_overall": {
    "qwen3_32b": 61.166666666666664,
    "qwen3_latest": 56.166666666666664
  }
}