{
  "exp2": {
    "level_ci_32b": {
      "1": {
        "mean": 0.9642857142857143,
        "ci_lo": 0.8571428571428571,
        "ci_hi": 1.0,
        "n": 4
      },
      "2": {
        "mean": 0.6696428571428572,
        "ci_lo": 0.33035714285714285,
        "ci_hi": 0.9285714285714286,
        "n": 4
      },
      "3": {
        "mean": 0.15476190476190474,
        "ci_lo": 0.0,
        "ci_hi": 0.22619047619047616,
        "n": 4
      },
      "4": {
        "mean": 0.5833333333333333,
        "ci_lo": 0.08333333333333333,
        "ci_hi": 0.8333333333333334,
        "n": 4
      },
      "5": {
        "mean": 0.0,
        "ci_lo": 0.0,
        "ci_hi": 0.0,
        "n": 4
      }
    },
    "level_ci_8b": {
      "1": {
        "mean": 0.9642857142857143,
        "ci_lo": 0.8571428571428571,
        "ci_hi": 1.0,
        "n": 4
      },
      "2": {
        "mean": 0.41964285714285715,
        "ci_lo": 0.10714285714285714,
        "ci_hi": 0.8125,
        "n": 4
      },
      "3": {
        "mean": 0.15476190476190474,
        "ci_lo": 0.0,
        "ci_hi": 0.22619047619047616,
        "n": 4
      },
      "4": {
        "mean": 0.5,
        "ci_lo": 0.0,
        "ci_hi": 0.75,
        "n": 4
      },
      "5": {
        "mean": 0.25,
        "ci_lo": 0.0,
        "ci_hi": 0.5,
        "n": 4
      }
    },
    "overall_ci": {
      "32b": {
        "mean": 0.4744047619047619,
        "ci_lo": 0.29821428571428577,
        "ci_hi": 0.6669898868153928,
        "n": 20
      },
      "8b": {
        "mean": 0.4577380952380953,
        "ci_lo": 0.275,
        "ci_hi": 0.6601000943219376,
        "n": 20
      }
    },
    "wilcoxon_32b_vs_8b": {
      "stat": 4.0,
      "p_value": 0.7150006546880893,
      "n_pairs": 20,
      "mean_diff_32b_minus_8b": 0.016666666666666663
    },
    "fisher_tool_call_by_level": {
      "1": {
        "32b_called": 4,
        "32b_n": 4,
        "8b_called": 4,
        "8b_n": 4,
        "p_raw": 1.0,
        "p_bonferroni": 1.0
      },
      "2": {
        "32b_called": 4,
        "32b_n": 4,
        "8b_called": 3,
        "8b_n": 4,
        "p_raw": 1.0,
        "p_bonferroni": 1.0
      },
      "3": {
        "32b_called": 3,
        "32b_n": 4,
        "8b_called": 3,
        "8b_n": 4,
        "p_raw": 1.0,
        "p_bonferroni": 1.0
      },
      "4": {
        "32b_called": 3,
        "32b_n": 4,
        "8b_called": 3,
        "8b_n": 4,
        "p_raw": 1.0,
        "p_bonferroni": 1.0
      },
      "5": {
        "32b_called": 3,
        "32b_n": 4,
        "8b_called": 2,
        "8b_n": 4,
        "p_raw": 1.0,
        "p_bonferroni": 1.0
      }
    }
  },
  "exp4": {
    "condition_ci_32b": {
      "full": {
        "mean": 0.6023809523809524,
        "ci_lo": 0.319047619047619,
        "ci_hi": 0.8428571428571427,
        "n": 10
      },
      "no-domain": {
        "mean": 0.4961904761904762,
        "ci_lo": 0.24857142857142858,
        "ci_hi": 0.7628571428571429,
        "n": 10
      },
      "no-rules": {
        "mean": 0.5738095238095238,
        "ci_lo": 0.30476190476190473,
        "ci_hi": 0.8023809523809524,
        "n": 10
      },
      "generic": {
        "mean": 0.35095238095238096,
        "ci_lo": 0.13904761904761906,
        "ci_hi": 0.6399999999999999,
        "n": 10
      }
    },
    "condition_ci_8b": {
      "full": {
        "mean": 0.4595238095238095,
        "ci_lo": 0.19999999999999998,
        "ci_hi": 0.7428571428571429,
        "n": 10
      },
      "no-domain": {
        "mean": 0.4366666666666667,
        "ci_lo": 0.19952380952380952,
        "ci_hi": 0.7047619047619047,
        "n": 10
      },
      "no-rules": {
        "mean": 0.5452380952380953,
        "ci_lo": 0.28809523809523807,
        "ci_hi": 0.7999999999999999,
        "n": 10
      },
      "generic": {
        "mean": 0.3938095238095238,
        "ci_lo": 0.18809523809523807,
        "ci_hi": 0.6571428571428571,
        "n": 10
      }
    },
    "permutation_tests_32b": {
      "full_vs_generic": {
        "obs_diff": 0.2514285714285714,
        "p_raw": 0.2261,
        "p_bonferroni": 0.6783
      },
      "full_vs_no-rules": {
        "obs_diff": 0.02857142857142858,
        "p_raw": 0.8876,
        "p_bonferroni": 1.0
      },
      "full_vs_no-domain": {
        "obs_diff": 0.10619047619047617,
        "p_raw": 0.6146,
        "p_bonferroni": 1.0
      }
    },
    "permutation_tests_8b": {
      "full_vs_generic": {
        "obs_diff": 0.06571428571428573,
        "p_raw": 0.7531,
        "p_bonferroni": 1.0
      },
      "full_vs_no-rules": {
        "obs_diff": -0.0857142857142858,
        "p_raw": 0.6706,
        "p_bonferroni": 1.0
      },
      "full_vs_no-domain": {
        "obs_diff": 0.022857142857142798,
        "p_raw": 0.9411,
        "p_bonferroni": 1.0
      }
    },
    "fisher_tool_call": {
      "32b": {
        "full_called": 10,
        "full_n": 10,
        "generic_called": 6,
        "generic_n": 10,
        "p_value": 0.08668730650154799
      },
      "8b": {
        "full_called": 7,
        "full_n": 10,
        "generic_called": 8,
        "generic_n": 10,
        "p_value": 1.0
      }
    },
    "cohens_d": {
      "32b_full_vs_generic": 0.5839205275597672,
      "8b_full_vs_generic": 0.1518315057757242
    },
    "8b_inversion_test": {
      "mean_full": 0.4595238095238095,
      "mean_no_rules": 0.5452380952380953,
      "obs_diff": -0.0857142857142858,
      "p_raw": 0.6706
    }
  },
  "cross": {
    "mannwhitney_L12vsL35_32b": {
      "mean_L12": 0.8169642857142858,
      "mean_L35": 0.07738095238095237,
      "U": 63.0,
      "p_value": 0.0010333799919768948,
      "n_L12": 8,
      "n_L35": 8
    },
    "mannwhitney_L12vsL35_8b": {
      "mean_L12": 0.6919642857142857,
      "mean_L35": 0.20238095238095238,
      "U": 52.0,
      "p_value": 0.03463604444486914,
      "n_L12": 8,
      "n_L35": 8
    },
    "latency": {
      "median_32b_s": 422.22222781181335,
      "median_8b_s": 12.863495111465454,
      "mean_32b_s": 506.8965977549553,
      "mean_8b_s": 12.570278143882751,
      "speedup_factor": 32.823289794348305,
      "wilcoxon_W": 0.0,
      "p_value": 1.9073486328125e-06,
      "n_pairs": 20
    }
  }
}