{
  "tolerances": [
    5.0,
    10.0,
    15.0,
    20.0,
    25.0
  ],
  "qwen3_32b": [
    61.166666666666664,
    61.166666666666664,
    61.166666666666664,
    61.166666666666664,
    62.416666666666664
  ],
  "qwen3_latest": [
    56.166666666666664,
    56.166666666666664,
    56.166666666666664,
    56.166666666666664,
    56.166666666666664
  ]
}